Date,Open,High,Low,Close,Volume
8-Jul-13,5.65,5.65,5.15,5.55,2598675
9-Jul-13,5.88,5.89,5.51,5.59,8604665
10-Jul-13,5.52,5.85,5.49,5.85,8113402
11-Jul-13,6.00,6.31,5.91,6.28,40009798
12-Jul-13,6.45,7.14,6.38,6.45,258056547
15-Jul-13,6.64,6.75,6.47,6.72,43099224
16-Jul-13,6.79,6.82,6.41,6.48,40200931
17-Jul-13,6.46,6.48,6.20,6.25,64461572
18-Jul-13,6.19,6.24,5.97,6.05,42171817
19-Jul-13,6.01,6.14,6.00,6.07,23542112
22-Jul-13,6.12,6.12,5.90,5.92,27979635
23-Jul-13,5.95,5.96,5.61,5.85,45276492
24-Jul-13,5.92,5.97,5.77,5.77,23981396
25-Jul-13,5.80,5.84,5.70,5.82,16039739
26-Jul-13,5.83,5.85,5.73,5.74,18117756
29-Jul-13,5.80,5.84,5.65,5.74,19699915
30-Jul-13,5.84,6.17,5.81,6.16,66848110
31-Jul-13,6.13,6.17,5.96,5.96,32353225
1-Aug-13,6.05,6.46,6.00,6.38,53852631
2-Aug-13,6.41,6.77,6.40,6.67,42127940
5-Aug-13,6.58,6.90,6.50,6.88,31059262
6-Aug-13,6.90,7.04,6.89,6.97,43648967
7-Aug-13,6.98,7.03,6.71,6.92,19845408
8-Aug-13,6.95,6.98,6.80,6.94,12816221
9-Aug-13,6.90,7.26,6.89,7.25,27081572
12-Aug-13,7.20,7.21,7.04,7.11,13182909
13-Aug-13,7.12,7.15,6.95,7.01,16163226
14-Aug-13,7.07,7.10,6.96,7.00,11917528
15-Aug-13,6.96,7.02,6.94,6.96,16392852
16-Aug-13,6.95,7.04,6.91,6.92,16101214
19-Aug-13,6.95,6.97,6.81,6.91,17144936
20-Aug-13,6.89,6.98,6.89,6.97,9805994
21-Aug-13,6.90,6.97,6.90,6.96,11752963
22-Aug-13,6.95,7.00,6.90,6.92,6950546
23-Aug-13,6.93,6.98,6.90,6.96,6138971
26-Aug-13,6.93,6.98,6.89,6.91,8599008
27-Aug-13,6.90,6.91,6.72,6.75,22131175
28-Aug-13,6.69,6.74,6.65,6.66,13290338
29-Aug-13,6.66,6.84,6.65,6.76,19075206
30-Aug-13,6.82,6.82,6.54,6.71,15728685
3-Sep-13,6.78,6.86,6.63,6.68,9264758
4-Sep-13,6.66,6.72,6.58,6.65,9554602
5-Sep-13,6.63,6.68,6.45,6.48,12673059
6-Sep-13,6.57,6.57,6.40,6.47,14234814
9-Sep-13,6.44,6.52,6.32,6.37,15189821
10-Sep-13,6.38,6.42,6.26,6.33,28677000
11-Sep-13,6.35,6.53,6.32,6.50,19519156
12-Sep-13,6.42,6.83,6.42,6.69,24030476
13-Sep-13,6.70,6.87,6.64,6.72,17340170
16-Sep-13,6.74,6.83,6.61,6.64,15855976
17-Sep-13,6.59,6.60,6.37,6.39,29795762
18-Sep-13,6.37,6.45,6.25,6.44,24871743
19-Sep-13,6.46,6.50,6.30,6.49,13067942
20-Sep-13,6.48,6.49,6.18,6.26,28707326
23-Sep-13,6.19,6.20,6.02,6.15,30043959
24-Sep-13,6.14,6.24,6.05,6.19,12635446
25-Sep-13,6.28,6.30,6.04,6.19,20000469
26-Sep-13,6.18,6.33,6.18,6.30,11255301
27-Sep-13,6.28,6.32,6.13,6.16,7344767
30-Sep-13,6.09,6.27,6.04,6.22,19919371
1-Oct-13,6.25,6.40,6.19,6.29,14919337
2-Oct-13,6.26,6.35,6.22,6.35,9581387
3-Oct-13,6.34,6.37,6.25,6.29,20219540
4-Oct-13,6.29,6.44,6.26,6.44,10849146
7-Oct-13,6.41,6.45,6.36,6.38,6766782
8-Oct-13,6.38,6.43,6.11,6.13,19674707
9-Oct-13,6.14,6.17,5.99,6.00,15925857
10-Oct-13,6.04,6.08,5.92,5.97,23754393
11-Oct-13,6.03,6.15,5.93,6.00,17832435
14-Oct-13,6.00,6.09,6.00,6.03,8172909
15-Oct-13,6.11,6.11,5.95,6.03,18542665
16-Oct-13,6.10,6.35,6.09,6.30,23866003
17-Oct-13,6.36,6.42,6.24,6.42,13364232
18-Oct-13,6.46,6.54,6.30,6.40,15582373
21-Oct-13,6.45,6.48,6.33,6.35,5445166
22-Oct-13,6.39,6.46,6.30,6.39,10195325
23-Oct-13,6.37,6.44,6.30,6.43,9675180
24-Oct-13,6.39,6.53,6.36,6.52,13993433
25-Oct-13,6.51,6.53,6.39,6.45,12522543
28-Oct-13,6.48,6.68,6.46,6.61,21255754
29-Oct-13,6.60,6.82,6.60,6.68,22956163
30-Oct-13,6.76,7.00,6.41,6.93,52955051
31-Oct-13,6.85,6.89,6.67,6.73,22002965
1-Nov-13,6.73,6.87,6.73,6.87,13936720
4-Nov-13,6.91,7.12,6.90,7.03,19486143
5-Nov-13,7.07,7.36,6.90,7.19,49424907
6-Nov-13,7.21,7.28,7.01,7.07,16777457
7-Nov-13,7.09,7.12,6.81,6.99,18459578
8-Nov-13,7.00,7.09,6.90,7.07,19944260
11-Nov-13,7.09,7.09,6.94,6.98,7418471
12-Nov-13,7.01,7.01,6.90,6.99,8642883
13-Nov-13,6.94,7.06,6.93,7.06,6461225
14-Nov-13,7.04,7.12,7.00,7.11,8674873
15-Nov-13,7.10,7.43,7.07,7.42,22396347
18-Nov-13,7.44,7.80,7.44,7.64,31640025
19-Nov-13,7.67,7.68,7.44,7.49,11617683
20-Nov-13,7.51,7.75,7.32,7.35,23069930
21-Nov-13,7.37,8.19,7.36,7.95,43896019
22-Nov-13,7.94,8.02,7.80,7.83,22487237
25-Nov-13,7.78,7.88,7.66,7.82,9041550
26-Nov-13,7.80,8.34,7.80,8.15,29812499
27-Nov-13,8.27,8.47,8.13,8.36,13808052
29-Nov-13,8.45,8.75,8.38,8.39,14733504
2-Dec-13,8.30,8.38,8.05,8.20,16171045
3-Dec-13,8.12,8.23,7.96,8.04,23800021
4-Dec-13,8.00,8.12,7.81,7.95,18941579
5-Dec-13,8.14,8.29,7.91,8.00,18860050
6-Dec-13,8.02,8.08,7.87,7.89,18082684
9-Dec-13,7.95,8.06,7.92,7.99,14513912
10-Dec-13,7.94,7.98,7.83,7.98,17852934
11-Dec-13,7.98,8.11,7.96,8.11,15250198
12-Dec-13,8.13,8.17,7.99,8.15,16536602
13-Dec-13,8.15,8.60,8.14,8.43,19442706
16-Dec-13,8.68,8.88,8.16,8.31,36584242
17-Dec-13,8.37,8.81,8.34,8.76,28918189
18-Dec-13,8.72,8.99,8.67,8.95,22811179
19-Dec-13,8.97,9.35,8.92,9.24,26805490
20-Dec-13,9.50,9.87,9.39,9.86,42108925
23-Dec-13,9.93,9.97,9.60,9.68,21856733
24-Dec-13,9.68,9.73,9.55,9.66,9959222
26-Dec-13,9.79,9.97,9.79,9.96,18333015
27-Dec-13,10.17,11.47,10.14,10.79,50749776
30-Dec-13,10.89,11.00,10.44,10.58,22537403
31-Dec-13,10.65,10.85,10.53,10.75,12113836
2-Jan-14,10.47,10.69,10.25,10.40,21216516
3-Jan-14,10.03,10.16,9.73,9.94,25584621
6-Jan-14,9.67,9.85,9.35,9.77,25486110
7-Jan-14,9.76,10.19,9.72,9.87,17244617
8-Jan-14,9.89,10.04,9.64,9.98,16265939
9-Jan-14,9.88,9.88,9.33,9.42,34367974
10-Jan-14,9.47,9.57,9.36,9.46,13906756
13-Jan-14,9.36,9.40,9.01,9.09,14690501
14-Jan-14,9.14,9.28,9.05,9.17,22457228
15-Jan-14,9.18,9.31,9.08,9.08,12599275
16-Jan-14,9.24,9.29,8.96,9.03,19275490
17-Jan-14,9.23,9.25,8.93,8.97,24659773
21-Jan-14,9.07,9.14,8.92,9.04,13313009
22-Jan-14,9.10,9.13,9.05,9.07,12653082
23-Jan-14,8.99,9.04,8.89,8.92,10188659
24-Jan-14,8.87,8.92,8.37,8.40,21543438
27-Jan-14,8.47,9.02,8.47,8.87,27745256
28-Jan-14,8.91,9.01,8.86,8.86,13286159
29-Jan-14,8.53,8.68,8.25,8.65,23989646
30-Jan-14,8.73,8.76,8.35,8.39,13004867
31-Jan-14,8.36,8.43,8.16,8.27,17304621
3-Feb-14,8.19,8.32,7.81,7.85,25355710
4-Feb-14,7.90,7.98,7.66,7.84,23047483
5-Feb-14,7.76,8.73,7.42,8.50,58892773
6-Feb-14,8.14,8.23,7.79,7.88,26007669
7-Feb-14,7.91,8.18,7.91,8.02,15464430
10-Feb-14,7.88,7.91,7.50,7.69,31537423
11-Feb-14,8.24,8.32,7.78,7.90,44216310
12-Feb-14,8.12,8.18,7.98,8.07,14982361
13-Feb-14,7.99,8.53,7.97,8.41,32545369
14-Feb-14,8.44,8.45,8.30,8.40,9474740
18-Feb-14,8.40,8.43,8.14,8.20,15854113
19-Feb-14,8.17,8.26,8.14,8.16,6943921
20-Feb-14,8.12,8.29,8.12,8.27,8576199
21-Feb-14,8.26,8.71,8.21,8.29,19062156
24-Feb-14,8.33,8.54,8.32,8.40,14764810
25-Feb-14,8.37,8.50,8.22,8.27,13310809
26-Feb-14,8.27,8.42,8.15,8.39,12732284
27-Feb-14,8.33,8.72,8.32,8.65,13715425
28-Feb-14,8.66,8.77,8.53,8.74,14033004
3-Mar-14,8.53,8.85,8.40,8.83,17610506
4-Mar-14,8.99,9.22,8.95,9.19,22936343
5-Mar-14,9.17,9.38,8.99,9.12,23407872
6-Mar-14,9.16,9.25,8.74,8.88,19956811
7-Mar-14,8.91,8.98,8.55,8.63,13819623
10-Mar-14,8.52,8.73,8.40,8.71,18938850
11-Mar-14,8.80,8.91,8.67,8.78,19421431
12-Mar-14,8.72,8.81,8.66,8.78,12091281
13-Mar-14,8.80,8.83,8.50,8.62,14774069
14-Mar-14,8.56,8.86,8.47,8.78,16788417
17-Mar-14,8.79,8.80,8.64,8.77,11364741
18-Mar-14,8.78,8.85,8.65,8.68,11832425
19-Mar-14,8.70,8.80,8.67,8.72,8735639
20-Mar-14,8.71,9.14,8.68,9.10,17676451
21-Mar-14,9.13,9.46,8.90,9.05,31584905
24-Mar-14,9.15,9.21,8.84,9.11,11659111
25-Mar-14,9.11,9.20,9.00,9.06,13797243
26-Mar-14,9.12,9.30,8.95,8.97,12299362
27-Mar-14,9.03,9.44,9.02,9.27,17872614
28-Mar-14,9.27,9.35,9.12,9.29,12032760
31-Mar-14,9.27,9.32,9.11,9.19,10347696
1-Apr-14,9.24,9.60,9.14,9.57,14618317
2-Apr-14,9.55,9.55,9.28,9.39,15210005
3-Apr-14,9.43,9.57,9.32,9.40,13581092
4-Apr-14,9.47,9.51,9.20,9.26,8241271
7-Apr-14,9.19,9.22,8.80,8.84,22564877
8-Apr-14,8.85,9.03,8.71,8.72,17322839
9-Apr-14,8.79,9.00,8.75,8.80,14345678
10-Apr-14,8.80,9.02,8.78,8.80,9938397
11-Apr-14,8.76,8.77,8.15,8.25,20444995
14-Apr-14,8.32,8.36,8.10,8.21,11691826
15-Apr-14,8.20,8.23,7.84,8.09,19231240
16-Apr-14,8.19,8.40,8.14,8.37,10983343
17-Apr-14,8.34,8.69,8.34,8.52,9836826
21-Apr-14,8.52,8.63,8.46,8.55,6633935
22-Apr-14,8.60,8.85,8.55,8.59,9868233
23-Apr-14,8.59,8.63,8.35,8.37,9849799
24-Apr-14,8.47,8.48,8.02,8.06,17863408
25-Apr-14,8.15,8.16,7.80,7.82,20720205
28-Apr-14,7.85,7.94,7.38,7.43,33221487
29-Apr-14,7.65,8.29,7.51,8.27,45585145
30-Apr-14,8.20,8.59,8.07,8.50,26881433
1-May-14,8.97,9.03,8.61,8.73,34210895
2-May-14,8.69,8.71,8.39,8.70,14923996
5-May-14,8.60,8.80,8.50,8.76,8326634
6-May-14,8.72,8.79,8.66,8.68,8105445
7-May-14,8.72,8.88,8.64,8.73,10323832
8-May-14,8.72,8.94,8.66,8.77,12326199
9-May-14,8.75,8.84,8.67,8.81,6847778
12-May-14,8.83,9.00,8.78,8.97,12262720
13-May-14,9.00,9.07,8.98,9.03,11185851
14-May-14,9.02,9.11,8.94,8.99,11564241
15-May-14,9.01,9.66,9.00,9.53,39373535
16-May-14,9.43,9.57,8.98,9.01,23066658
19-May-14,9.03,9.20,9.01,9.12,7366569
20-May-14,9.10,9.13,8.95,8.99,11626077
21-May-14,9.00,9.20,8.99,9.10,6937735
22-May-14,9.10,9.20,8.96,9.06,12857501
23-May-14,9.10,9.28,9.02,9.24,13108449
27-May-14,9.25,9.34,9.15,9.23,10703789
28-May-14,9.24,9.28,9.17,9.20,8606545
29-May-14,9.39,9.76,9.35,9.44,19394180
30-May-14,9.43,9.63,9.38,9.55,16890801
2-Jun-14,9.52,9.75,9.49,9.71,12000011
3-Jun-14,9.65,9.66,9.40,9.50,11892206
4-Jun-14,9.43,9.58,9.35,9.40,12162742
5-Jun-14,9.56,9.57,8.88,9.02,39793488
6-Jun-14,9.04,9.13,8.76,8.78,28907273
9-Jun-14,8.85,8.88,8.66,8.77,12482473
10-Jun-14,8.93,8.96,8.77,8.84,12922411
11-Jun-14,8.78,8.87,8.70,8.75,8715333
12-Jun-14,8.72,8.80,8.49,8.59,10622774
13-Jun-14,8.58,8.89,8.56,8.73,12059273
16-Jun-14,8.69,8.71,8.50,8.61,8003870
17-Jun-14,8.59,8.73,8.56,8.64,9356359
18-Jun-14,8.60,8.71,8.41,8.52,9871307
19-Jun-14,8.55,8.61,8.38,8.46,10142787
20-Jun-14,8.50,8.56,8.23,8.41,17439696
23-Jun-14,8.45,8.47,8.31,8.36,8211974
24-Jun-14,8.39,8.42,8.19,8.24,11530014
25-Jun-14,8.22,8.67,8.22,8.54,15816141
